<?xml version="1.0" encoding="UTF-8"?>
<con:soapui-project id="4a818d94-840e-42a9-ae2f-df0c16b85f0f" activeEnvironment="Default environment" name="geoipservice" resourceRoot="${projectDir}" soapui-version="6.0.0" xmlns:con="http://eviware.com/soapui/config"><con:settings/><con:interface xsi:type="con:WsdlInterface" id="bd07eeed-aeaf-47b0-a751-8d94cebfc8c2" wsaVersion="NONE" name="GeoIPServiceSoap" type="wsdl" bindingName="{http://www.webservicex.net/}GeoIPServiceSoap" soapVersion="1_1" anonymous="optional" definition="http://www.webservicex.net/geoipservice.asmx?wsdl" xmlns:xsi="http://www.w3.org/2001/XMLSchema-instance"><con:settings/><con:definitionCache/><con:endpoints><con:endpoint>http://www.webservicex.net/geoipservice.asmx</con:endpoint></con:endpoints><con:operation id="ddb50f92-7d33-4e8a-8a90-e24fcf396907" isOneWay="false" action="http://www.webservicex.net/GetGeoIP" name="GetGeoIP" bindingOperationName="GetGeoIP" type="Request-Response" inputName="" receivesAttachments="false" sendsAttachments="false" anonymous="optional"><con:settings/><con:call id="4ea5e58a-984b-4dc8-b58b-49785b66d714" defaultOutgoingWss="" defaultIncomingWss="" name="Request 1"><con:settings><con:setting id="com.eviware.soapui.impl.wsdl.WsdlRequest@request-headers">&lt;xml-fragment/></con:setting></con:settings><con:encoding>UTF-8</con:encoding><con:endpoint>http://www.webservicex.net/geoipservice.asmx</con:endpoint><con:request><![CDATA[<soapenv:Envelope xmlns:soapenv="http://schemas.xmlsoap.org/soap/envelope/" xmlns:web="http://www.webservicex.net/">
   <soapenv:Header/>
   <soapenv:Body>
      <web:GetGeoIP>
         <!--Optional:-->
         <web:IPAddress>?</web:IPAddress>
      </web:GetGeoIP>
   </soapenv:Body>
</soapenv:Envelope>]]></con:request><con:credentials><con:selectedAuthProfile>No Authorization</con:selectedAuthProfile><con:authType>No Authorization</con:authType></con:credentials><con:jmsConfig JMSDeliveryMode="PERSISTENT"/><con:wsaConfig mustUnderstand="NONE" version="200508" action="http://www.webservicex.net/GetGeoIP"/><con:wsrmConfig version="1.2"/></con:call></con:operation><con:operation id="5023c9fd-2804-4aef-bc98-b212583499e2" isOneWay="false" action="http://www.webservicex.net/GetGeoIPContext" name="GetGeoIPContext" bindingOperationName="GetGeoIPContext" type="Request-Response" inputName="" receivesAttachments="false" sendsAttachments="false" anonymous="optional"><con:settings/><con:call id="271aaf8e-c46e-43bd-824b-e4f14d08ca0c" defaultOutgoingWss="" defaultIncomingWss="" name="Request 1"><con:settings><con:setting id="com.eviware.soapui.impl.wsdl.WsdlRequest@request-headers">&lt;xml-fragment/></con:setting></con:settings><con:encoding>UTF-8</con:encoding><con:endpoint>http://www.webservicex.net/geoipservice.asmx</con:endpoint><con:request><![CDATA[<soapenv:Envelope xmlns:soapenv="http://schemas.xmlsoap.org/soap/envelope/" xmlns:web="http://www.webservicex.net/">
   <soapenv:Header/>
   <soapenv:Body>
      <web:GetGeoIPContext/>
   </soapenv:Body>
</soapenv:Envelope>]]></con:request><con:credentials><con:selectedAuthProfile>No Authorization</con:selectedAuthProfile><con:authType>No Authorization</con:authType></con:credentials><con:jmsConfig JMSDeliveryMode="PERSISTENT"/><con:wsaConfig mustUnderstand="NONE" version="200508" action="http://www.webservicex.net/GetGeoIPContext"/><con:wsrmConfig version="1.2"/></con:call></con:operation></con:interface><con:interface xsi:type="con:WsdlInterface" id="3ce0724b-5463-4876-bc24-daa27d5f3cb1" wsaVersion="NONE" name="GeoIPServiceSoap12" type="wsdl" bindingName="{http://www.webservicex.net/}GeoIPServiceSoap12" soapVersion="1_2" anonymous="optional" definition="http://www.webservicex.net/geoipservice.asmx?wsdl" xmlns:xsi="http://www.w3.org/2001/XMLSchema-instance"><con:settings/><con:definitionCache type="TEXT" rootPart="http://www.webservicex.net/geoipservice.asmx?wsdl"><con:part><con:url>http://www.webservicex.net/geoipservice.asmx?wsdl</con:url><con:content><![CDATA[<wsdl:definitions targetNamespace="http://www.webservicex.net/" xmlns:tm="http://microsoft.com/wsdl/mime/textMatching/" xmlns:soapenc="http://schemas.xmlsoap.org/soap/encoding/" xmlns:mime="http://schemas.xmlsoap.org/wsdl/mime/" xmlns:tns="http://www.webservicex.net/" xmlns:soap="http://schemas.xmlsoap.org/wsdl/soap/" xmlns:s="http://www.w3.org/2001/XMLSchema" xmlns:soap12="http://schemas.xmlsoap.org/wsdl/soap12/" xmlns:http="http://schemas.xmlsoap.org/wsdl/http/" xmlns:wsdl="http://schemas.xmlsoap.org/wsdl/">
  <wsdl:types>
    <s:schema elementFormDefault="qualified" targetNamespace="http://www.webservicex.net/">
      <s:element name="GetGeoIP">
        <s:complexType>
          <s:sequence>
            <s:element minOccurs="0" maxOccurs="1" name="IPAddress" type="s:string"/>
          </s:sequence>
        </s:complexType>
      </s:element>
      <s:element name="GetGeoIPResponse">
        <s:complexType>
          <s:sequence>
            <s:element minOccurs="0" maxOccurs="1" name="GetGeoIPResult" type="tns:GeoIP"/>
          </s:sequence>
        </s:complexType>
      </s:element>
      <s:complexType name="GeoIP">
        <s:sequence>
          <s:element minOccurs="1" maxOccurs="1" name="ReturnCode" type="s:int"/>
          <s:element minOccurs="0" maxOccurs="1" name="IP" type="s:string"/>
          <s:element minOccurs="0" maxOccurs="1" name="ReturnCodeDetails" type="s:string"/>
          <s:element minOccurs="0" maxOccurs="1" name="CountryName" type="s:string"/>
          <s:element minOccurs="0" maxOccurs="1" name="CountryCode" type="s:string"/>
        </s:sequence>
      </s:complexType>
      <s:element name="GetGeoIPContext">
        <s:complexType/>
      </s:element>
      <s:element name="GetGeoIPContextResponse">
        <s:complexType>
          <s:sequence>
            <s:element minOccurs="0" maxOccurs="1" name="GetGeoIPContextResult" type="tns:GeoIP"/>
          </s:sequence>
        </s:complexType>
      </s:element>
      <s:element name="GeoIP" nillable="true" type="tns:GeoIP"/>
    </s:schema>
  </wsdl:types>
  <wsdl:message name="GetGeoIPSoapIn">
    <wsdl:part name="parameters" element="tns:GetGeoIP"/>
  </wsdl:message>
  <wsdl:message name="GetGeoIPSoapOut">
    <wsdl:part name="parameters" element="tns:GetGeoIPResponse"/>
  </wsdl:message>
  <wsdl:message name="GetGeoIPContextSoapIn">
    <wsdl:part name="parameters" element="tns:GetGeoIPContext"/>
  </wsdl:message>
  <wsdl:message name="GetGeoIPContextSoapOut">
    <wsdl:part name="parameters" element="tns:GetGeoIPContextResponse"/>
  </wsdl:message>
  <wsdl:message name="GetGeoIPHttpGetIn">
    <wsdl:part name="IPAddress" type="s:string"/>
  </wsdl:message>
  <wsdl:message name="GetGeoIPHttpGetOut">
    <wsdl:part name="Body" element="tns:GeoIP"/>
  </wsdl:message>
  <wsdl:message name="GetGeoIPContextHttpGetIn"/>
  <wsdl:message name="GetGeoIPContextHttpGetOut">
    <wsdl:part name="Body" element="tns:GeoIP"/>
  </wsdl:message>
  <wsdl:message name="GetGeoIPHttpPostIn">
    <wsdl:part name="IPAddress" type="s:string"/>
  </wsdl:message>
  <wsdl:message name="GetGeoIPHttpPostOut">
    <wsdl:part name="Body" element="tns:GeoIP"/>
  </wsdl:message>
  <wsdl:message name="GetGeoIPContextHttpPostIn"/>
  <wsdl:message name="GetGeoIPContextHttpPostOut">
    <wsdl:part name="Body" element="tns:GeoIP"/>
  </wsdl:message>
  <wsdl:portType name="GeoIPServiceSoap">
    <wsdl:operation name="GetGeoIP">
      <wsdl:documentation>GeoIPService - GetGeoIP enables you to easily look up countries by IP addresses</wsdl:documentation>
      <wsdl:input message="tns:GetGeoIPSoapIn"/>
      <wsdl:output message="tns:GetGeoIPSoapOut"/>
    </wsdl:operation>
    <wsdl:operation name="GetGeoIPContext">
      <wsdl:documentation>GeoIPService - GetGeoIPContext enables you to easily look up countries by Context</wsdl:documentation>
      <wsdl:input message="tns:GetGeoIPContextSoapIn"/>
      <wsdl:output message="tns:GetGeoIPContextSoapOut"/>
    </wsdl:operation>
  </wsdl:portType>
  <wsdl:portType name="GeoIPServiceHttpGet">
    <wsdl:operation name="GetGeoIP">
      <wsdl:documentation>GeoIPService - GetGeoIP enables you to easily look up countries by IP addresses</wsdl:documentation>
      <wsdl:input message="tns:GetGeoIPHttpGetIn"/>
      <wsdl:output message="tns:GetGeoIPHttpGetOut"/>
    </wsdl:operation>
    <wsdl:operation name="GetGeoIPContext">
      <wsdl:documentation>GeoIPService - GetGeoIPContext enables you to easily look up countries by Context</wsdl:documentation>
      <wsdl:input message="tns:GetGeoIPContextHttpGetIn"/>
      <wsdl:output message="tns:GetGeoIPContextHttpGetOut"/>
    </wsdl:operation>
  </wsdl:portType>
  <wsdl:portType name="GeoIPServiceHttpPost">
    <wsdl:operation name="GetGeoIP">
      <wsdl:documentation>GeoIPService - GetGeoIP enables you to easily look up countries by IP addresses</wsdl:documentation>
      <wsdl:input message="tns:GetGeoIPHttpPostIn"/>
      <wsdl:output message="tns:GetGeoIPHttpPostOut"/>
    </wsdl:operation>
    <wsdl:operation name="GetGeoIPContext">
      <wsdl:documentation>GeoIPService - GetGeoIPContext enables you to easily look up countries by Context</wsdl:documentation>
      <wsdl:input message="tns:GetGeoIPContextHttpPostIn"/>
      <wsdl:output message="tns:GetGeoIPContextHttpPostOut"/>
    </wsdl:operation>
  </wsdl:portType>
  <wsdl:binding name="GeoIPServiceSoap" type="tns:GeoIPServiceSoap">
    <soap:binding transport="http://schemas.xmlsoap.org/soap/http"/>
    <wsdl:operation name="GetGeoIP">
      <soap:operation soapAction="http://www.webservicex.net/GetGeoIP" style="document"/>
      <wsdl:input>
        <soap:body use="literal"/>
      </wsdl:input>
      <wsdl:output>
        <soap:body use="literal"/>
      </wsdl:output>
    </wsdl:operation>
    <wsdl:operation name="GetGeoIPContext">
      <soap:operation soapAction="http://www.webservicex.net/GetGeoIPContext" style="document"/>
      <wsdl:input>
        <soap:body use="literal"/>
      </wsdl:input>
      <wsdl:output>
        <soap:body use="literal"/>
      </wsdl:output>
    </wsdl:operation>
  </wsdl:binding>
  <wsdl:binding name="GeoIPServiceSoap12" type="tns:GeoIPServiceSoap">
    <soap12:binding transport="http://schemas.xmlsoap.org/soap/http"/>
    <wsdl:operation name="GetGeoIP">
      <soap12:operation soapAction="http://www.webservicex.net/GetGeoIP" style="document"/>
      <wsdl:input>
        <soap12:body use="literal"/>
      </wsdl:input>
      <wsdl:output>
        <soap12:body use="literal"/>
      </wsdl:output>
    </wsdl:operation>
    <wsdl:operation name="GetGeoIPContext">
      <soap12:operation soapAction="http://www.webservicex.net/GetGeoIPContext" style="document"/>
      <wsdl:input>
        <soap12:body use="literal"/>
      </wsdl:input>
      <wsdl:output>
        <soap12:body use="literal"/>
      </wsdl:output>
    </wsdl:operation>
  </wsdl:binding>
  <wsdl:binding name="GeoIPServiceHttpGet" type="tns:GeoIPServiceHttpGet">
    <http:binding verb="GET"/>
    <wsdl:operation name="GetGeoIP">
      <http:operation location="/GetGeoIP"/>
      <wsdl:input>
        <http:urlEncoded/>
      </wsdl:input>
      <wsdl:output>
        <mime:mimeXml part="Body"/>
      </wsdl:output>
    </wsdl:operation>
    <wsdl:operation name="GetGeoIPContext">
      <http:operation location="/GetGeoIPContext"/>
      <wsdl:input>
        <http:urlEncoded/>
      </wsdl:input>
      <wsdl:output>
        <mime:mimeXml part="Body"/>
      </wsdl:output>
    </wsdl:operation>
  </wsdl:binding>
  <wsdl:binding name="GeoIPServiceHttpPost" type="tns:GeoIPServiceHttpPost">
    <http:binding verb="POST"/>
    <wsdl:operation name="GetGeoIP">
      <http:operation location="/GetGeoIP"/>
      <wsdl:input>
        <mime:content type="application/x-www-form-urlencoded"/>
      </wsdl:input>
      <wsdl:output>
        <mime:mimeXml part="Body"/>
      </wsdl:output>
    </wsdl:operation>
    <wsdl:operation name="GetGeoIPContext">
      <http:operation location="/GetGeoIPContext"/>
      <wsdl:input>
        <mime:content type="application/x-www-form-urlencoded"/>
      </wsdl:input>
      <wsdl:output>
        <mime:mimeXml part="Body"/>
      </wsdl:output>
    </wsdl:operation>
  </wsdl:binding>
  <wsdl:service name="GeoIPService">
    <wsdl:port name="GeoIPServiceSoap" binding="tns:GeoIPServiceSoap">
      <soap:address location="http://www.webservicex.net/geoipservice.asmx"/>
    </wsdl:port>
    <wsdl:port name="GeoIPServiceSoap12" binding="tns:GeoIPServiceSoap12">
      <soap12:address location="http://www.webservicex.net/geoipservice.asmx"/>
    </wsdl:port>
    <wsdl:port name="GeoIPServiceHttpGet" binding="tns:GeoIPServiceHttpGet">
      <http:address location="http://www.webservicex.net/geoipservice.asmx"/>
    </wsdl:port>
    <wsdl:port name="GeoIPServiceHttpPost" binding="tns:GeoIPServiceHttpPost">
      <http:address location="http://www.webservicex.net/geoipservice.asmx"/>
    </wsdl:port>
  </wsdl:service>
</wsdl:definitions>]]></con:content><con:type>http://schemas.xmlsoap.org/wsdl/</con:type></con:part></con:definitionCache><con:endpoints><con:endpoint>http://www.webservicex.net/geoipservice.asmx</con:endpoint></con:endpoints><con:operation id="219a2cee-37b3-4609-b615-2830ba8980d8" isOneWay="false" action="http://www.webservicex.net/GetGeoIP" name="GetGeoIP" bindingOperationName="GetGeoIP" type="Request-Response" inputName="" receivesAttachments="false" sendsAttachments="false" anonymous="optional"><con:settings/><con:call id="b9c4392a-d8c6-40a5-aa40-0e0ad271575e" defaultOutgoingWss="" defaultIncomingWss="" name="Request 1"><con:settings/><con:encoding>UTF-8</con:encoding><con:endpoint>http://www.webservicex.net/geoipservice.asmx</con:endpoint><con:request><![CDATA[<soap:Envelope xmlns:soap="http://www.w3.org/2003/05/soap-envelope" xmlns:web="http://www.webservicex.net/">
   <soap:Header/>
   <soap:Body>
      <web:GetGeoIP>
         <!--Optional:-->
         <web:IPAddress>?</web:IPAddress>
      </web:GetGeoIP>
   </soap:Body>
</soap:Envelope>]]></con:request><con:credentials><con:selectedAuthProfile>No Authorization</con:selectedAuthProfile><con:authType>No Authorization</con:authType></con:credentials><con:wsaConfig mustUnderstand="NONE" version="200508" action="http://www.webservicex.net/GeoIPServiceSoap/GetGeoIPRequest"/></con:call></con:operation><con:operation id="c65719b1-5f9b-4634-96ea-7eec7025361b" isOneWay="false" action="http://www.webservicex.net/GetGeoIPContext" name="GetGeoIPContext" bindingOperationName="GetGeoIPContext" type="Request-Response" inputName="" receivesAttachments="false" sendsAttachments="false" anonymous="optional"><con:settings/><con:call id="eaccb025-63e1-490c-9db5-d43217673bf0" defaultOutgoingWss="" defaultIncomingWss="" name="Request 1"><con:settings/><con:encoding>UTF-8</con:encoding><con:endpoint>http://www.webservicex.net/geoipservice.asmx</con:endpoint><con:request><![CDATA[<soap:Envelope xmlns:soap="http://www.w3.org/2003/05/soap-envelope" xmlns:web="http://www.webservicex.net/">
   <soap:Header/>
   <soap:Body>
      <web:GetGeoIPContext/>
   </soap:Body>
</soap:Envelope>]]></con:request><con:credentials><con:selectedAuthProfile>No Authorization</con:selectedAuthProfile><con:authType>No Authorization</con:authType></con:credentials><con:wsaConfig mustUnderstand="NONE" version="200508" action="http://www.webservicex.net/GeoIPServiceSoap/GetGeoIPContextRequest"/></con:call></con:operation></con:interface><con:testSuite id="969bfc6e-6d5e-4aae-8802-449eb01aab59" name="GeoIPServiceSoap TestSuite"><con:settings/><con:runType>SEQUENTIAL</con:runType><con:testCase id="0179b88d-5015-459a-915a-0aeb0cab448d" discardOkResults="true" failOnError="true" failTestCaseOnErrors="true" keepSession="false" name="GetGeoIP TestCase" searchProperties="true"><con:settings/><con:testStep type="request" id="08852f38-fbd3-4cea-9ce3-b6a36dfe10bc" name="GetGeoIP"><con:settings/><con:config xsi:type="con:RequestStep" xmlns:xsi="http://www.w3.org/2001/XMLSchema-instance"><con:interface>GeoIPServiceSoap</con:interface><con:operation>GetGeoIP</con:operation><con:request name="GetGeoIP" id="a8b38af6-91e8-4e3d-9403-5b002b274dee" defaultOutgoingWss="" defaultIncomingWss=""><con:settings><con:setting id="com.eviware.soapui.impl.wsdl.WsdlRequest@request-headers">&lt;xml-fragment/></con:setting></con:settings><con:encoding>UTF-8</con:encoding><con:endpoint>http://www.webservicex.net/geoipservice.asmx</con:endpoint><con:request><![CDATA[<soapenv:Envelope xmlns:soapenv="http://schemas.xmlsoap.org/soap/envelope/" xmlns:web="http://www.webservicex.net/">
   <soapenv:Header/>
   <soapenv:Body>
      <web:GetGeoIP>
         <!--Optional:-->
         
      <web:IPAddress>212.58.244.68</web:IPAddress></web:GetGeoIP>
   </soapenv:Body>
</soapenv:Envelope>]]></con:request><con:assertion type="Simple Contains" id="6b81cf52-8c37-4638-861b-267848565829" name="Contains GBR"><con:configuration><token>GBR</token><ignoreCase>true</ignoreCase><useRegEx>false</useRegEx></con:configuration></con:assertion><con:assertion type="Schema Compliance" id="84b44ea3-8892-4899-9049-e4f2011ad82a" name="Schema Compliance"><con:configuration><definition/></con:configuration></con:assertion><con:assertion type="XPath Match" id="22d432d1-797a-4243-a14b-adefefbd7723" name="XPath Match - United Kingdom"><con:configuration><path>declare namespace soap='http://schemas.xmlsoap.org/soap/envelope/';
declare namespace ns1='http://www.webservicex.net/';
//ns1:GetGeoIPResult[1]/ns1:CountryName[1]</path><content>United Kingdom</content><allowWildcards>false</allowWildcards><ignoreNamspaceDifferences>false</ignoreNamspaceDifferences><ignoreComments>false</ignoreComments></con:configuration></con:assertion><con:credentials><con:selectedAuthProfile>No Authorization</con:selectedAuthProfile><con:authType>No Authorization</con:authType></con:credentials><con:jmsConfig JMSDeliveryMode="PERSISTENT"/><con:wsaConfig action="http://www.webservicex.net/GetGeoIP" mustUnderstand="NONE" version="200508"/><con:wsrmConfig version="1.2"/></con:request></con:config></con:testStep><con:properties/><con:reportParameters/></con:testCase><con:testCase id="07eaaafb-88e3-477f-8b39-d62ccc64897b" discardOkResults="true" failOnError="true" failTestCaseOnErrors="true" keepSession="false" name="GetGeoIPContext TestCase" searchProperties="true"><con:settings/><con:testStep type="request" id="6f50008f-ad1f-48be-b9e5-3edd450f4095" name="GetGeoIPContext"><con:settings/><con:config xsi:type="con:RequestStep" xmlns:xsi="http://www.w3.org/2001/XMLSchema-instance"><con:interface>GeoIPServiceSoap</con:interface><con:operation>GetGeoIPContext</con:operation><con:request name="GetGeoIPContext" id="0a7bf6e8-40ed-498f-b809-87e5fea82c17" defaultOutgoingWss="" defaultIncomingWss=""><con:settings><con:setting id="com.eviware.soapui.impl.wsdl.WsdlRequest@request-headers">&lt;xml-fragment/></con:setting></con:settings><con:encoding>UTF-8</con:encoding><con:endpoint>http://www.webservicex.net/geoipservice.asmx</con:endpoint><con:request><![CDATA[<soapenv:Envelope xmlns:soapenv="http://schemas.xmlsoap.org/soap/envelope/" xmlns:web="http://www.webservicex.net/">
   <soapenv:Header/>
   <soapenv:Body>
      <web:GetGeoIPContext/>
   </soapenv:Body>
</soapenv:Envelope>]]></con:request><con:assertion type="Schema Compliance" id="a741e4bf-af7f-48e8-ae85-20f67a160d0b" name="Schema Compliance"><con:configuration><definition/></con:configuration></con:assertion><con:credentials><con:selectedAuthProfile>No Authorization</con:selectedAuthProfile><con:authType>No Authorization</con:authType></con:credentials><con:jmsConfig JMSDeliveryMode="PERSISTENT"/><con:wsaConfig action="http://www.webservicex.net/GetGeoIPContext" mustUnderstand="NONE" version="200508"/><con:wsrmConfig version="1.2"/></con:request></con:config></con:testStep><con:properties/><con:reportParameters/></con:testCase><con:properties/><con:reportParameters/></con:testSuite><con:testSuite id="aee48a3f-e2cf-4c87-b89a-b6703597f059" name="GeoIPServiceSoap12 TestSuite"><con:settings/><con:runType>SEQUENTIAL</con:runType><con:testCase id="6b7d8543-d4b9-4ded-bea3-d382aaf5aad4" discardOkResults="true" failOnError="true" failTestCaseOnErrors="true" keepSession="false" name="GetGeoIP TestCase" searchProperties="true"><con:settings/><con:testStep type="request" id="41630168-9a0c-41a2-8b32-06a6ac8d2fe9" name="GetGeoIP"><con:settings/><con:config xsi:type="con:RequestStep" xmlns:xsi="http://www.w3.org/2001/XMLSchema-instance"><con:interface>GeoIPServiceSoap12</con:interface><con:operation>GetGeoIP</con:operation><con:request name="GetGeoIP" id="eb3b7061-eabc-4f38-a3dc-1d540755b5fe" defaultOutgoingWss="" defaultIncomingWss=""><con:settings/><con:encoding>UTF-8</con:encoding><con:endpoint>http://www.webservicex.net/geoipservice.asmx</con:endpoint><con:request><![CDATA[<soap:Envelope xmlns:soap="http://www.w3.org/2003/05/soap-envelope" xmlns:web="http://www.webservicex.net/">
   <soap:Header/>
   <soap:Body>
      <web:GetGeoIP>
         <!--Optional:-->
         <web:IPAddress>?</web:IPAddress>
      </web:GetGeoIP>
   </soap:Body>
</soap:Envelope>]]></con:request><con:credentials><con:selectedAuthProfile>No Authorization</con:selectedAuthProfile><con:authType>No Authorization</con:authType></con:credentials><con:wsaConfig action="http://www.webservicex.net/GeoIPServiceSoap/GetGeoIPRequest"/></con:request></con:config></con:testStep><con:properties/><con:reportParameters/></con:testCase><con:testCase id="f739132f-11c7-47b4-87d3-2bef5c7178ca" discardOkResults="true" failOnError="true" failTestCaseOnErrors="true" keepSession="false" name="GetGeoIPContext TestCase" searchProperties="true"><con:settings/><con:testStep type="request" id="3f3773ed-072a-41d2-9b1a-33ef6e19603b" name="GetGeoIPContext"><con:settings/><con:config xsi:type="con:RequestStep" xmlns:xsi="http://www.w3.org/2001/XMLSchema-instance"><con:interface>GeoIPServiceSoap12</con:interface><con:operation>GetGeoIPContext</con:operation><con:request name="GetGeoIPContext" id="677e1ed4-c41b-4d53-8490-e4fc277f77e2" defaultOutgoingWss="" defaultIncomingWss=""><con:settings/><con:encoding>UTF-8</con:encoding><con:endpoint>http://www.webservicex.net/geoipservice.asmx</con:endpoint><con:request><![CDATA[<soap:Envelope xmlns:soap="http://www.w3.org/2003/05/soap-envelope" xmlns:web="http://www.webservicex.net/">
   <soap:Header/>
   <soap:Body>
      <web:GetGeoIPContext/>
   </soap:Body>
</soap:Envelope>]]></con:request><con:credentials><con:selectedAuthProfile>No Authorization</con:selectedAuthProfile><con:authType>No Authorization</con:authType></con:credentials><con:wsaConfig action="http://www.webservicex.net/GeoIPServiceSoap/GetGeoIPContextRequest"/></con:request></con:config></con:testStep><con:properties/><con:reportParameters/></con:testCase><con:properties/><con:reportParameters/></con:testSuite><con:requirements/><con:properties/><con:wssContainer/><con:databaseConnectionContainer/><con:oAuth2ProfileContainer/><con:reporting><con:reportTemplates/><con:xmlTemplates/><con:xmlTemplates/><con:parameters/><con:parameters/></con:reporting><con:reporting/><con:authRepository/></con:soapui-project>